{"cameraMode":{"drawMode":0,"name":"Shaded","section":"Shading Mode"},"sceneLighting":false,"audioPlay":false,"sceneViewState":{"showFog":true,"showMaterialUpdate":true,"showSkybox":false,"showFlares":true,"showImageEffects":true,"showParticleSystems":true},"in2DMode":false,"pivot":{"x":0.001751244068145752,"y":0.2088945508003235,"z":-0.07969886064529419},"rotation":{"x":-0.044442590326070788,"y":-0.1546282023191452,"z":0.006967268884181976,"w":-0.9869623780250549},"size":0.6302130222320557,"orthographic":true}