{"cameraMode":{"drawMode":0,"name":"Shaded","section":"Shading Mode"},"sceneLighting":false,"audioPlay":false,"sceneViewState":{"showFog":true,"showMaterialUpdate":true,"showSkybox":false,"showFlares":true,"showImageEffects":true,"showParticleSystems":true},"in2DMode":false,"pivot":{"x":-1.6326417922973633,"y":1.0566937923431397,"z":0.161376953125},"rotation":{"x":-0.009241875261068344,"y":-0.8803732395172119,"z":-0.017169449478387834,"w":0.47388219833374026},"size":1.5447043180465699,"orthographic":true}