{"cameraMode":{"drawMode":0,"name":"Shaded","section":"Shading Mode"},"sceneLighting":false,"audioPlay":false,"sceneViewState":{"showFog":true,"showMaterialUpdate":true,"showSkybox":false,"showFlares":true,"showImageEffects":true,"showParticleSystems":true},"in2DMode":false,"pivot":{"x":2.817626953125,"y":1.24676513671875,"z":-6.436767578125},"rotation":{"x":0.02977769263088703,"y":-0.12024623900651932,"z":-0.00360845192335546,"w":-0.992292046546936},"size":2.0490102767944338,"orthographic":true}