{"cameraMode":{"drawMode":0,"name":"Shaded","section":"Shading Mode"},"sceneLighting":false,"audioPlay":false,"sceneViewState":{"showFog":true,"showMaterialUpdate":true,"showSkybox":false,"showFlares":true,"showImageEffects":true,"showParticleSystems":true},"in2DMode":false,"pivot":{"x":-0.08734130859375,"y":-0.07392215728759766,"z":0.01055908203125},"rotation":{"x":-0.004052216187119484,"y":0.43039795756340029,"z":0.001958231208845973,"w":0.9026793837547302},"size":0.31884706020355227,"orthographic":true}