{"cameraMode":{"drawMode":0,"name":"Shaded","section":"Shading Mode"},"sceneLighting":true,"audioPlay":false,"sceneViewState":{"showFog":true,"showMaterialUpdate":true,"showSkybox":true,"showFlares":true,"showImageEffects":true,"showParticleSystems":true},"in2DMode":false,"pivot":{"x":-0.54669189453125,"y":1.6809844970703126,"z":-4.8974609375},"rotation":{"x":0.05868755653500557,"y":0.5239471197128296,"z":-0.03618868440389633,"w":0.8490104079246521},"size":3.45980167388916,"orthographic":true}