{"cameraMode":{"drawMode":0,"name":"Shaded","section":"Shading Mode"},"sceneLighting":false,"audioPlay":false,"sceneViewState":{"showFog":true,"showMaterialUpdate":true,"showSkybox":false,"showFlares":true,"showImageEffects":true,"showParticleSystems":true},"in2DMode":false,"pivot":{"x":-1.2678656578063965,"y":1.3684885501861573,"z":-6.5520501136779789},"rotation":{"x":0.005990405101329088,"y":0.06088024750351906,"z":-0.00033904059091582894,"w":0.9981725215911865},"size":2.6900861263275148,"orthographic":true}